{
  "n_patients": 5,
  "n_predictions": 695,
  "elapsed_s": 79.8971221446991,
  "coverage": {
    "nominal_50": 0.5,
    "empirical_50": 0.47338129496402875,
    "coverage_error_50": -0.026618705035971246,
    "nominal_80": 0.8,
    "empirical_80": 0.7712230215827338,
    "coverage_error_80": -0.02877697841726623,
    "nominal_90": 0.9,
    "empirical_90": 0.8776978417266187,
    "coverage_error_90": -0.022302158273381334,
    "nominal_95": 0.95,
    "empirical_95": 0.935251798561151,
    "coverage_error_95": -0.014748201438848918
  },
  "max_coverage_error": 0.02877697841726623,
  "mean_pi_width_95": 25.597268061202072,
  "pit_uniformity_ks_stat": 0.03166590920280388,
  "pit_uniformity_ks_p": 0.4790184363626997,
  "pit_mean": 0.5084215740370056,
  "pit_std": 0.2978742096468226,
  "pit_is_uniform": true,
  "calibration_score": 0.9424460431654675,
  "mean_abs_error": 5.44001749646624,
  "rmse": 6.783951133584892
}