{
  "forecasting": {
    "n_patients": 5,
    "n_total": 5,
    "rmse_1step_mean": 12.716033614288301,
    "rmse_1step_std": 1.9704625391399078,
    "rmse_6step_mean": 13.05964748006539,
    "rmse_24step_mean": 11.166268064964374,
    "pi80_coverage_mean": 0.726984126984127,
    "pi95_coverage_mean": 0.8857142857142856,
    "counterfactual_ate_rmse": 14.80585776706569,
    "counterfactual_ate_bias_mean": 6.814852329197374,
    "convergence_rate": 1.0,
    "baseline_rmse_1step": 12.764347620643269,
    "baseline_rmse_6step": 12.939913981989164,
    "baseline_rmse_24step": 13.191601165434431,
    "improvement_over_baseline_1step": 0.37850744739066355,
    "improvement_over_baseline_6step": -0.9253036630914258,
    "improvement_over_baseline_24step": 15.353201442876996,
    "clarke_zone_a_mean": 84.44444444444443,
    "clarke_zone_ab_mean": 95.23809523809523,
    "mard_mean": 11.213728512726732,
    "by_diabetes_type": {
      "T2DM": {
        "n": 1,
        "rmse_1step": 16.281487122877493,
        "pi80_coverage": 0.7777777777777778
      },
      "none": {
        "n": 4,
        "rmse_1step": 11.824670237141003,
        "pi80_coverage": 0.7142857142857143
      }
    },
    "elapsed_s": 120.81197714805603
  },
  "trials": {
    "trials": {
      "dcct": {
        "name": "DCCT (Diabetes Control and Complications Trial)",
        "published_reference": "DCCT Research Group, NEJM 1993;329:977-86",
        "n_patients": 20,
        "endpoint_results": {
          "HbA1c_change": {
            "Conventional": -8.187231420248617,
            "Intensive": -7.869689291104341
          },
          "weight_change": {
            "Conventional": 0.3636363636349671,
            "Intensive": 0.3636363636349671
          }
        },
        "effect_sizes": {
          "HbA1c_change": 0.31754212914427615,
          "weight_change": 0.0
        },
        "p_values": {
          "HbA1c_change": 0.19959701111050232,
          "weight_change": 1.0
        },
        "summary": "Trial: DCCT \u2014 Intensive vs Conventional Insulin in T1DM (n=20)\n  HbA1c_change: Conventional: -8.19, Intensive: -7.87\n  weight_change: Conventional: 0.36, Intensive: 0.36\n  Effect HbA1c_change: 0.318 (p=0.1996)\n  Effect weight_change: 0.000 (p=1.0000)",
        "elapsed_s": 5.506132125854492
      }
    },
    "elapsed_s": 5.506165027618408,
    "n_trials": 1
  },
  "calibration": {
    "n_patients": 5,
    "n_predictions": 695,
    "elapsed_s": 79.8971221446991,
    "coverage": {
      "nominal_50": 0.5,
      "empirical_50": 0.47338129496402875,
      "coverage_error_50": -0.026618705035971246,
      "nominal_80": 0.8,
      "empirical_80": 0.7712230215827338,
      "coverage_error_80": -0.02877697841726623,
      "nominal_90": 0.9,
      "empirical_90": 0.8776978417266187,
      "coverage_error_90": -0.022302158273381334,
      "nominal_95": 0.95,
      "empirical_95": 0.935251798561151,
      "coverage_error_95": -0.014748201438848918
    },
    "max_coverage_error": 0.02877697841726623,
    "mean_pi_width_95": 25.597268061202072,
    "pit_uniformity_ks_stat": 0.03166590920280388,
    "pit_uniformity_ks_p": 0.4790184363626997,
    "pit_mean": 0.5084215740370056,
    "pit_std": 0.2978742096468226,
    "pit_is_uniform": true,
    "calibration_score": 0.9424460431654675,
    "mean_abs_error": 5.44001749646624,
    "rmse": 6.783951133584892
  },
  "total_elapsed_s": 208.00387382507324,
  "generated": "2026-06-12T11:38:51.090668",
  "mode": "quick"
}